AO,PDO,PNA,WP,EPNP,ENSO,AMO,TNA,TSA,NAO,EA,CAR,IOD,AAO
1.27,-2,-1.7,-0.21,-0.92,-1.25,0.11,-0.18,0.21,0.19,-1.97,-0.22,-0.125,1.273
1.076,-0.83,1.2,-0.41,-0.55,-1.26,0.17,-0.1,0.39,1.48,0.41,-0.2,-0.009,0.62
-0.451,0.29,0.95,0.01,-0.4,-1.37,0.36,0.06,0.4,0.4,-0.68,-0.15,0.14,0.133
-0.279,0.35,-0.58,-1.3,0.08,-0.9,0.25,-0.01,0.37,-0.18,0.33,-0.05,0.141,0.233
0.969,-0.05,-0.16,-1.46,-0.62,-0.93,0.32,-0.06,0.29,1.52,0.2,-0.04,0.113,1.127
0.586,-0.44,-1.19,0.57,-0.24,-1.18,0.14,-0.16,0.2,0.28,1.41,-0.04,-0.022,0.117
-0.649,-0.66,-2.55,1.07,-1.26,-0.61,0.2,0.01,0.15,-1,-0.27,-0.07,0.077,0.059
0.144,-1.19,-0.51,-0.86,0.63,-0.08,0.22,0.15,0.2,-0.5,-0.21,-0.04,0.131,-0.674
0.395,-1.24,-1.21,0.52,0.49,-0.35,0.25,0.02,0.02,-0.06,-0.14,-0.01,-0.096,-1.853
0.317,-1.3,0.44,1.14,-0.72,-0.52,0.2,0,0.1,1.51,1.22,0,-0.142,0.347
-1.582,-0.53,0.7,-0.23,0.2,-0.86,0.23,-0.12,0.07,-1.1,0.64,0.02,-0.306,-1.537
-2.354,0.52,0.92,-0.68,-0.3801,-0.79,0.07,-0.19,-0.01,-0.63,1.63,-0.01,-0.248,-1.29
-0.959,0.6,1.29,0.42,-0.9,-0.83,0.08,-0.13,0.16,-0.22,1.53,0,-0.431,-0.471
-0.622,0.29,-0.51,1.57,0.26,-0.86,0.23,-0.15,0.17,0.07,-0.39,0,-0.017,-0.265
-1.687,0.45,0.39,-1.05,-1.16,-0.78,0.25,0.15,0.29,-1.73,1.23,0.03,-0.01,-0.555
0.906,-0.31,-0.7,1.1,0.06,-0.55,0.15,0.05,0.38,-0.15,0.65,0.02,0.136,0.515
0.452,-0.3,-0.01,-1.16,-1.42,-0.51,0.16,0.06,0.47,0.03,0.33,0.03,0.137,-0.262
-0.015,-0.47,-0.89,0.41,0.55,-0.73,0.32,0.24,0.36,0.11,-0.14,0.06,0.127,0.386
-0.031,-1.31,-0.36,-0.32,-1.3,0.04,0.3,0.3,0.15,-0.22,0.67,0.09,-0.14,-0.928
0.52,-0.77,-0.14,-0.27,-1.17,0.38,0.45,0.34,0.14,-0.22,1.83,0.14,-0.301,0.91
-0.707,-1.37,0.04,2.28,-0.46,-0.06,0.52,0.51,0.11,-0.49,-0.98,0.11,-0.223,1.161
0.708,-1.37,-0.08,-0.58,-0.04,-0.22,0.47,0.48,0.2,0.25,1.16,0.1,-0.451,1.277
0.819,-1.26,1.03,0.79,-0.33,-0.28,0.4,0.62,0.16,0.53,-0.62,0.12,-0.245,0.996
-1.322,-0.93,0.26,-0.35,-0.308,0.06,0.51,0.66,0.01,-0.86,-0.89,0.16,-0.051,1.474
1.381,0.27,-0.7,-0.04,-0.11,0.09,0.58,0.78,0.14,0,1.68,0.19,-0.142,0.747
1.304,-0.64,-0.11,0.87,-0.89,-0.26,0.44,0.53,-0.06,0.8,1.43,0.18,-0.098,1.334
0.902,-0.43,-1.56,0.73,1.99,-0.2,0.43,0.37,0.29,0.32,0.63,0.22,0.008,-1.823
0.748,-0.32,-2.4,0.21,0.45,-0.36,0.3,-0.02,0.31,1.14,-0.19,0.22,-0.352,0.165
0.401,-0.63,-0.56,-0.79,1.52,-0.14,0.09,-0.19,0.49,-0.15,0.15,0.12,-0.329,-2.798
0.573,-0.35,0.06,-0.72,-0.2,0.34,0.01,-0.13,0.33,0.69,1.65,0,-0.19,-1.112
0.328,-0.31,0.4,-1.06,-0.69,0.44,-0.02,-0.06,0.47,0.65,0.67,-0.01,-0.26,-0.591
-0.229,0.6,0.61,-1.64,-0.07,1.01,0.22,-0.05,0.01,0.36,-0.39,0.06,-0.208,-0.099
-0.043,0.43,0.6,0.79,-0.4,0.88,0.26,0.07,-0.08,-0.54,-1.87,0.17,0.286,-0.864
-1.488,0.42,-0.55,-2.12,1.77,0.84,0.35,0.36,0.14,-1.97,0.7,0.23,0.405,-2.564
-1.425,1.51,1.46,-1.51,2.05,0.84,0.31,0.22,-0.07,-0.32,0.67,0.23,0.096,-0.924
-1.592,2.1,1.28,0.54,-0.2369,0.91,0.21,0.2,0.35,-0.96,0.62,0.2,-0.158,1.308
-0.472,2.09,1.01,-0.14,2.07,0.82,0.25,0.27,0.56,-0.32,1.11,0.23,-0.239,-0.988
0.128,1.75,0.68,0.17,0.94,0.63,0.19,0,0.57,0.26,-0.09,0.35,0.017,-0.357
0.933,1.51,-0.36,-1.01,0.56,0.53,0.31,0.04,0.63,-0.07,0.96,0.41,-0.039,-0.188
-0.178,1.18,-0.1,1.58,0.34,-0.11,0.22,0,0.42,-0.34,-0.54,0.41,-0.099,0.224
1.017,0.89,-1.85,0.03,-0.57,-0.61,0.27,0.06,0.37,0.06,1.73,0.3,-0.164,0.385
-0.102,0.68,-0.53,0.76,0.17,-0.1,0.26,0.22,0.1,0.24,1.31,0.16,0.139,-0.775
0.075,0.96,0.73,-1.94,-0.14,0.01,0.42,0.36,0.4,0.16,1.26,0.09,0.131,0.727
-0.28,0.88,-0.31,-0.9,-1.46,0.05,0.62,0.59,0.49,-0.22,-0.16,0.09,0.108,0.678
0.467,0.01,0.59,-2.17,-0.7,0.18,0.66,0.66,0.49,0.16,0.75,0.19,-0.061,-0.323
-0.67,0.83,1.23,-0.42,0.85,0.28,0.79,0.8,0.53,-0.86,-1.89,0.24,-0.243,-0.025
0.642,0.52,-1.65,0.69,-0.11,0.3,0.51,0.48,0.55,0.77,0.98,0.22,-0.159,-0.712
0.265,0.33,0.56,0.8,-0.3049,0.14,0.53,0.49,0.56,0.5,-0.49,0.19,0.189,-1.323
-1.686,0.43,-0.12,-1.58,0.66,0.19,0.51,0.5,0.41,-0.85,-0.45,0.18,0.044,0.807
-1.528,0.48,1.12,0.6,-0.5,-0.05,0.46,0.51,0.22,-0.6,0.32,0.19,0.114,-1.182
0.318,0.61,0,0.13,-1.28,-0.43,0.39,0.36,-0.01,0.67,1.21,0.16,0.077,0.432
-0.409,0.57,0.25,0.49,1.23,-0.23,0.36,0.46,-0.26,1.11,-0.34,0.07,-0.08,0.151
-0.094,0.88,-1.46,0.4,1.92,-0.46,0.17,0.17,-0.12,0.23,-1.18,0.09,-0.565,0.46
-0.236,0.04,-0.28,2.08,3.36,-0.39,0.3,0.27,-0.08,-0.59,0.67,0.14,-0.384,1.195
-0.201,0.44,-0.33,0.34,1.19,0.46,0.37,0.46,0.08,1.16,-0.23,0.22,-0.301,1.474
-0.72,0.85,1.52,-0.03,0.07,0.77,0.46,0.68,0.22,-0.74,0.05,0.17,-0.132,-0.071
0.855,0.75,-0.11,0.26,-2.21,0.59,0.44,0.59,0.33,0.52,0.09,0.16,-0.106,0.254
-0.515,-0.11,-1.37,0.89,-0.71,0.4,0.56,0.62,0.14,-0.69,-0.6,0.18,-0.004,-0.042
0.678,-0.63,0.29,0.65,-0.26,0.56,0.52,0.63,0.24,0.63,-1.45,0.21,-0.153,-0.242
1.23,-0.17,-0.04,0.2,-0.2273,0.48,0.51,0.53,0.43,1.03,-1.19,0.14,-0.132,-0.973
0.356,0.44,-0.62,-0.93,0.73,0.09,0.48,0.46,0.61,1.26,-1.77,0.07,-0.124,-0.129
-1.271,0.81,-0.11,0.34,-0.29,0.61,0.31,0.38,0.49,-0.51,-1.96,0.1,-0.56,1.243
-1.348,1.36,0.56,-0.22,0.31,0.83,0.47,0.68,0.61,-2.32,0.95,0.17,-0.432,0.158
-0.046,1.03,1,-0.18,0.81,0.14,0.61,0.81,0.29,-0.47,1.54,0.25,0.084,0.355
-0.763,1.86,1.62,-0.08,0.09,0.19,0.54,1.01,-0.06,-1.11,1.03,0.28,-0.033,-0.297
-0.383,1.17,0.42,0.79,1.43,0.2,0.59,0.92,-0.26,0.26,-1.6,0.34,-0.176,-1.428
-0.03,0.66,-0.02,-1.2,-1.11,0,0.74,0.84,-0.32,-0.48,0.92,0.38,-0.384,-0.252
0.026,0.25,0.69,0.35,-0.6,0.01,0.74,0.74,0.01,0.35,0.56,0.35,-0.345,0.228
0.802,-0.46,1.32,0.57,-1.98,-0.02,0.73,0.73,-0.09,0.76,1.44,0.28,-0.534,0.241
0.03,-1.32,1.16,1,-1.6,-0.66,0.63,0.54,0,-0.55,0.57,0.21,-0.436,0.031
0.228,-1.5,-0.74,-1.84,0.35,-0.7,0.52,0.4,-0.07,-0.46,-0.36,0.17,-0.272,-0.551
-2.104,0.2,1.07,-2.04,-0.3791,-0.7,0.51,0.55,-0.02,-0.5,-1.22,0.12,-0.3,-1.968
-0.171,1.03,-0.1,0.71,-1.07,-0.64,0.48,0.41,0.04,0.97,-1.03,0.04,-0.135,0.339
-0.156,0.66,-0.44,2.06,0.57,-0.48,0.35,0.19,0.23,-1.02,-0.59,0,-0.305,-0.211
-1.604,0.05,-0.56,0.49,0.2,-0.62,0.27,0.18,0.41,-1.75,-0.68,0.04,-0.226,0.501
0.138,0.4,0.2,0.56,-1.57,-0.84,0.46,0.41,0.31,1.2,1.07,0.14,-0.015,-0.169
0.156,0.48,-1.03,0.19,-0.31,-0.42,0.52,0.43,0.24,-1.01,1.15,0.16,-0.207,1.695
1.071,1.04,-1.02,-1.15,-0.49,-0.18,0.59,0.52,0.41,1.15,0.02,0.11,-0.059,0.438
0.103,0.35,1.29,-1,-0.46,0.21,0.63,0.36,0.3,0.93,0.83,0.1,0.04,0.926
-0.265,-0.65,-1.45,-0.16,0.13,0.59,0.69,0.53,0.33,-2.35,-0.52,0.17,0.229,-1.727
0.607,-0.94,0.31,0.05,0.47,0.65,0.63,0.69,0.27,-1.43,1.82,0.26,0.428,-0.324
-1.029,-0.05,-0.76,0.67,0.97,0.77,0.67,0.74,0.23,-1.92,0.66,0.25,0.577,0.879
0.521,-0.22,-1.34,-1.84,-0.38,1,0.66,0.71,0.08,0.33,1.68,0.2,0.501,0.101
2.282,0.14,1.55,1.18,-0.2382,0.64,0.5,0.47,0.32,1.15,1,0.2,0.172,0.638
2.034,0.01,0.27,1.81,-1.14,0.64,0.6,0.46,0.24,-0.25,1.51,0.3,0.224,-0.083
-1.307,0.04,-0.42,0.15,0.93,0.39,0.52,0.56,0.21,-0.98,1.68,0.36,0.15,0.075
1.182,-0.36,-0.12,-1.06,-1.27,-0.19,0.42,0.33,0.04,1.11,0.21,0.37,0.116,-0.57
0.544,0.16,0.97,-1.61,-0.19,-0.32,0.39,0.4,0.24,0.04,-1.23,0.3,0.1,-1.035
0.894,-0.1,0.03,-0.66,-0.67,-0.41,0.35,0.21,0.28,0.66,1.01,0.22,0.27,-0.612
-0.555,0.09,-0.3,-0.17,0,-0.83,0.28,0.16,0.43,-1.01,0.55,0.16,0.03,-1.198
-0.397,0.78,1.65,-0.09,0.49,-0.75,0.26,0.09,0.23,-0.55,-0.03,0.13,0.045,-2.631
-0.034,0.5,1.96,0.02,-0.67,-0.9,0.19,0.01,0.15,-0.31,0.07,0.12,0.236,-0.108
0.179,-0.36,1.52,1.2,-1.29,-1.06,0.39,0.11,0.27,0.85,-0.52,0.12,0.235,0.031
0.384,-1.45,0.77,0.4,-1.96,-1.13,0.56,0.24,0.11,1,-0.33,0.09,0.068,-0.434
-0.519,-1.08,0.65,-0.04,0.68,-1.12,0.54,0.24,0.1,0.48,-2.07,0.11,-0.023,-0.984
0.821,-0.58,-0.16,0.37,-0.2656,-1.19,0.45,0.09,0.2,0.23,-0.12,0.06,-0.227,1.929
0.819,-1,-1.06,0.92,-1.25,-1.06,0.43,0.14,0.19,0.53,-0.35,0.06,0.115,1.208
0.938,-0.77,0.37,0.01,-0.4,-1.27,0.52,0.18,0.36,0.38,0.47,-0.01,-0.072,1.147
0.586,-0.71,-0.61,-1.35,-1.62,-1.52,0.49,0.27,0.6,-0.32,0.16,-0.02,0.097,0.587
-0.455,-1.52,-1.18,0.28,-0.5,-1.11,0.3,0.09,0.64,-1.31,0.88,-0.02,-0.153,-0.873
-1.205,-1.37,1.25,-0.66,0.21,-0.99,0.44,0.28,0.82,-1.55,-0.85,-0.01,0.178,-0.49
-0.09,-1.34,-1.76,-0.36,-1.13,-0.8,0.59,0.39,0.7,-1.09,0.85,-0.06,0.215,1.348
-0.48,-1.67,-0.51,0.02,-1.13,-0.78,0.51,0.45,0.66,-1.24,0.85,-0.08,0.246,0.32
-0.081,-1.7,0.89,-1.32,-0.36,-1.01,0.49,0.45,0.51,-1.62,-0.08,-0.06,0.124,0.087
-0.327,-1.55,0.89,-0.83,-0.11,-1.02,0.48,0.57,0.28,1.14,-0.3,-0.01,0.086,1.386
1.676,-1.76,1.11,0.19,-1,-1.08,0.5,0.43,0.27,0.47,0.08,-0.05,0.029,1.215
0.092,-1.25,1.05,0.33,0.65,-0.98,0.4,0.27,0.31,-0.47,-0.89,-0.12,-0.128,0.92
0.648,-0.87,-1.71,1.01,-0.2068,-1.01,0.33,0.26,0.41,-0.35,-1.44,-0.14,-0.053,1.194
0.8,-1.4,0.13,0.01,-0.18,-1.01,0.24,0.07,0.45,-0.52,1.13,-0.14,0.031,0.963
-0.672,-1.55,-1.57,1.71,0.32,-0.85,0,-0.37,0.35,-0.38,-0.72,-0.12,0.163,0.456
0.121,-1.59,-1.29,0.22,-1.12,-0.95,0.03,-0.34,0.54,0.19,-1.34,-0.09,0.1,0.605
0.973,-1.65,-0.04,0.02,0.49,-0.81,0.09,-0.31,0.52,-0.36,0.26,-0.03,0.126,0.029
1.194,-0.88,-0.43,-0.67,1.31,-0.72,0.11,-0.23,0.79,1.61,1.12,0.08,0.256,-0.733
-1.351,-0.31,0.48,-1.74,-0.39,-0.05,0.36,0.05,0.59,-0.91,-1.05,0.15,0.1,-0.47
-1.356,-0.53,0.72,1.2,1.65,0.56,0.46,0.45,0.39,-2.11,0.33,0.22,-0.192,-1.234
-0.054,0.09,0.62,0.66,-1.39,0.56,0.4,0.41,0.24,-0.37,1.85,0.29,-0.104,-0.686
0.875,0.52,1.03,-1.02,-1.02,0.42,0.36,0.35,0.19,1.62,0.59,0.38,-0.103,-0.017
-1.54,0.27,0.64,-2.05,0.7,0.56,0.56,0.63,0.45,-0.61,0.96,0.41,-0.013,0.085
0.459,-0.4,0.19,1.27,-1.62,1.04,0.46,0.51,0.3,-0.16,1.48,0.42,-0.067,-1.915
-3.413,0.08,0.04,-1.07,-0.2565,0.95,0.49,0.54,0.7,-1.88,0.93,0.29,0.16,0.607
-2.587,0.83,0.96,0.47,-0.58,0.93,0.39,0.8,0.79,-1.8,0.38,0.22,0.294,-0.757
-4.266,0.82,0.48,0.23,-0.51,1.28,0.43,1.07,0.68,-2.69,1.25,0.15,0.023,-0.775
-0.432,0.44,1.68,1.83,-1.63,1.33,0.52,1.27,0.89,-1.33,1.23,0.2,0.458,0.108
-0.275,0.78,1.26,0.88,-1.21,0.49,0.7,1.4,0.68,-0.93,0.09,0.31,0.37,0.377
-0.919,0.62,-0.73,-2.5,-0.15,-0.12,0.75,1.35,0.62,-1.33,-1.39,0.39,-0.03,1.021
-0.013,-0.22,-0.1,-0.08,1.5,-1.29,0.88,1.11,0.85,-0.52,0.34,0.4,-0.14,2.071
0.435,-1.05,0.89,-2.38,-0.22,-2.43,0.83,1.01,0.6,-0.39,1.8,0.36,-0.001,2.424
-0.117,-1.27,1.07,0.41,-1.48,-2.38,0.91,0.97,0.48,-1.69,1.17,0.27,-0.062,1.51
-0.865,-1.61,1.07,0.05,-0.34,-2.26,0.67,0.75,0.23,-0.62,0.55,0.2,-0.268,0.402
-0.467,-1.06,2.15,0.67,-0.58,-2.16,0.6,0.77,0.43,-0.5,-0.78,0.1,-0.437,1.335
-0.376,-0.82,-0.81,-0.33,0.27,-2.01,0.63,0.7,0.4,-1.84,0.24,-0.01,-0.495,1.516
-2.631,-1.21,-2.08,-1.26,-0.2039,-1.86,0.43,0.96,0.41,-1.8,-0.49,-0.13,-0.212,0.205
-1.683,-0.92,1,-1.37,-0.42,-1.77,0.42,0.97,0.45,-1.53,-1.31,-0.2,0.192,0.052
1.575,-0.83,-2.41,-0.13,-0.12,-1.59,0.36,0.53,0.59,0.35,0.41,-0.13,0.242,1.074
1.424,-0.69,0.38,-0.1,-0.03,-1.75,0.3,0.41,0.72,0.24,-0.77,0.02,0.367,-0.296
2.275,-0.42,-1.78,-1.93,-0.63,-1.69,0.4,0.33,0.49,2.55,-0.59,0.12,0.154,-0.87
-0.035,-0.37,0.25,0.38,-1.18,-1.23,0.41,0.41,0.3,-0.01,-0.67,0.21,-0.089,1.266
-0.858,-0.69,0.35,0.81,-0.48,-1.02,0.5,0.59,0.2,-0.98,-0.22,0.16,0.055,-0.099
-0.472,-1.86,-0.75,-0.27,-2.23,-0.75,0.38,0.43,0.27,-1.48,0.41,0.18,0.223,-1.384
-1.063,-1.74,1.4,-0.51,-0.67,-0.81,0.44,0.49,0.2,-1.85,1.04,0.16,0.344,-1.202
0.665,-1.79,-0.39,0.51,-0.53,-1.08,0.43,0.36,0.24,0.67,1.77,0.11,0.202,-1.25
0.8,-1.34,0.86,1.06,-0.81,-1.3,0.49,0.44,0.28,0.94,-0.28,0.04,0.356,0.388
1.459,-2.33,-0.76,0.39,-1.34,-1.14,0.33,0.21,-0.05,1.3,-0.09,0.02,0.336,-0.908
2.221,-1.79,0.06,-0.39,-0.1774,-1.18,0.33,0.23,-0.48,2.25,0.11,0.05,-0.128,2.573
-0.22,-1.38,0.13,-1.58,-1.92,-1.07,0.38,0.16,-0.32,0.86,-1.76,0.12,0.046,1.583
-0.036,-0.85,0.7,1.01,-0.33,-0.68,0.34,-0.02,-0.51,0.03,-1.73,0.13,-0.078,-0.283
1.037,-1.05,-0.19,0.82,-2.59,-0.58,0.37,-0.26,-0.08,0.93,-0.64,0.13,0.026,0.275
-0.035,-0.27,-0.09,-0.29,0.31,-0.38,0.41,-0.17,-0.33,0.37,-0.28,0.15,-0.271,0.666
0.168,-1.26,-0.29,-1.66,-1.46,-0.32,0.47,0.09,-0.04,-0.79,0.52,0.2,-0.37,0.153
-0.672,-0.87,-0.42,-1.39,-0.95,-0.28,0.58,0.31,0.04,-2.25,-0.11,0.24,0.001,-0.197
0.168,-1.52,-0.57,0.58,-1.01,0.34,0.64,0.3,-0.03,-1.29,1.02,0.24,0.546,1.259
0.014,-1.93,-0.2,-0.07,0.63,-0.02,0.74,0.52,-0.08,-1.39,1.36,0.28,0.652,0.489
0.772,-2.21,-0.39,0.69,0.16,-0.29,0.81,0.72,0.02,-0.43,0.38,0.33,0.453,0.562
-1.514,-0.79,-1.13,-2.53,0.58,-0.19,0.76,0.78,0.03,-1.73,-0.32,0.34,0.11,-0.444
-0.111,-0.59,-1.06,-2.02,0.12,-0.03,0.56,0.75,0.03,-0.74,1.15,0.35,-0.1,-1.701
-1.749,-0.48,-1.31,-0.58,-0.2259,-0.03,0.55,0.55,0.18,0.07,0.68,0.31,0.268,-0.764
