LakeNo,Temp2m,Preciptn,SLH,SM,SSH,SurPressure,Temp2mmax,SolarRadiation,Windspeed
14,0,0,0.189168564423038,0,0,0.0562137275217785,0,0,0.123746183319409
15,0,0.110574905852255,0.163774368228172,0.167885092294608,0.213123777792922,0.0923129841990677,0,0.152553595931397,0.156724177307076
67,0,0.0891579235095232,0,0,0.0831163667962728,0,0,0,0
77,0,0.206921022215097,0.153790127691495,0.265394102922801,0.230680836468038,0,0,0.116637668844722,0.15915568878855
117,0.187454851991283,0.231029276209879,0.189022320735036,0.38320079835426,0.308061327011439,0.146612157143949,0.182560696924055,0.0655617904929603,0.2989174962696
132,0.110255245323558,0,0,0,0,0.257668760590389,0.0889115064670788,0.13981282394348,0
137,0.119701018951924,0,0,0,0.0872689640237121,0.169629900833218,0.115655038049037,0.209359868631498,0
138,0.214576537557731,0,0,0,0,0,0.154054426338833,0,0
139,0,0,0,0,0,0,0,0.14692007656072,0
140,0.156283592728506,0,0,0.207103316802047,0.0353112022131454,0.150178982600247,0,0.19255557474785,0.09103637587043
141,0.200942153571329,0.101553147708573,0,0,0.103621224950208,0,0.202329363094926,0.161516110836773,0
142,0.058642718979147,0,0,0,0.178650516583716,0,0,0.124231570360218,0
144,0.155072290335818,0,0,0.24106153171458,0.103273349559214,0.182430227251131,0,0,0
146,0.156062074388878,0,0,0.126291513690262,0.0488276553731208,0.121525850601546,0.151597954335288,0,0
150,0.277285038470723,0,0.179891692076788,0,0,0,0.266118033043914,0,0
152,0.107795184401973,0,0,0,0.130059531347673,0.155327884608066,0.115916630104262,0.0408609343418598,0.261570263248016
153,0.197428642871113,0,0,0,0,0,0.172145227126615,0,0
154,0,0,0.109583313362342,0,0,0,0,0,0.180669003237944
157,0,0,0,0,0,0,0,0,0.198732859401902
158,0,0.104708108766135,0,0,0,0,0,0.202037048232395,0.232632719890546
161,0,0,0,0,0,0,0,0,0
165,0,0,0,0.318793392473462,0.253888379959388,0,0,0.188846071822985,0
166,0,0,0,0,0.164053111393267,0,0,0,0
170,0,0,0,0,0.275564660377534,0,0,0,0
171,0,0.205984217941403,0,0.26991423119864,0.189692768770034,0,0,0,0
175,0,0.0882118203496092,0,0.220623684131399,0,0,0,0,0
786,0,0,0.172191279631089,0.296675894743775,0.350561184994786,0,0,0.187502512265829,0
789,0,0,0,0,0,0,0.129521716755351,0,0
790,0,0,0.0645470076505825,0.161468076231159,0.215222741071803,0,0,0,0.0770697545371388
791,0,0.115376735797742,0,0.16731279953375,0.107404006432285,0.104611984947346,0,0,0
792,0.0851278144299266,0.165118612305958,0,0,0.246208704771704,0,0.106699320544508,0,0
794,0,0.174600408903525,0.271323031015599,0.301211169684928,0,0,0,0,0
795,0,0,0.152873862885403,0,0,0,0,0,0.154773990468562
796,0.105154879078062,0,0.0688781861422839,0,0,0,0,0,0
797,0.127951106226995,0,0.0985896322401223,0.13565286944703,0.178796086002908,0,0.141606964528732,0,0
798,0,0,0.305639959800143,0.330071005477558,0.351151215561731,0,0,0.253601684748159,0
800,0,0,0,0,0,0.164558892133149,0,0.133573292131961,0.104692855905481
801,0,0,0,0,0,0.110165368868148,0,0,0
804,0.120930571634723,0,0.168548635210862,0.320547336408364,0.151243479210689,0,0.138881076333021,0.204354445775968,0
805,0.116201325597651,0,0,0,0,0,0.127875802166638,0,0
806,0,0,0,0,0,0,0,0,0
807,0.116820627473128,0.132881371203818,0,0.301056500666846,0.0995381168742203,0,0.155835674104018,0.0740711043591423,0
808,0,0,0,0.146424436797261,0,0,0,0.043295073588748,0
809,0.18820144979393,0,0.2178855995033,0.557001318791576,0.337841786114933,0,0.191510177938093,0.0553240117052486,0
810,0,0,0,0.113464780629413,0,0,0,0,0
811,0,0,0.218268059180423,0.267944814803207,0,0.132745817769768,0,0.17051804511895,0
812,0,0.120735493340373,0.202501001943463,0.2850164277465,0.266503966280992,0,0,0,0
813,0,0,0,0,0,0,0,0,0
814,0.102423610770802,0,0,0,0,0.0274132398112018,0.124472549736831,0,0
815,0,0.169069170976416,0.057954911527497,0,0.161581211409145,0,0,0,0
816,0,0,0,0,0,0,0,0.129576535810848,0
819,0,0,0,0,0,0,0,0.138635625240674,0
821,0,0.160066935747181,0,0.211699996035176,0,0,0,0,0
822,0,0,0,0,0,0,0,0,0
823,0,0,0.0789762627911033,0.128204672965268,0.0994736662858183,0,0,0,0
824,0.101042090559861,0,0.077687076355438,0,0.174816405516779,0,0.0749206247208087,0,0
825,0,0,0,0.331203551389113,0,0,0.156149882549848,0.0789428765247798,0
826,0.16386750247508,0,0,0,0,0.121597455646096,0.147587762676704,0,0.105043629173472
829,0,0,0,0,0,0,0,0.179340242282175,0
830,0,0.0926152300311465,0.136593994420204,0.171605228863986,0,0,0,0.167346281150287,0.168766602773884
831,0.220121238384022,0,0,0.226135485193831,0,0,0.244716267436433,0.113673500372491,0
832,0.16659377693331,0,0,0,0,0,0.182203993916644,0.111129890524904,0
833,0,0,0,0,0,0,0,0,0
835,0.271566621140507,0.131348362016165,0,0.288677175371722,0.113850691998861,0,0.323975440916447,0,0
836,0,0.144281779666206,0,0.242742462012875,0,0,0,0,0
837,0,0,0,0,0.0958764951579877,0,0,0,0
838,0,0,0,0,0,0,0,0,0
841,0.276460324265281,0.0251914648586273,0.117227398062389,0.282074639545964,0.128790870817109,0,0.315323687324732,0.162008771421483,0.132524517856691
842,0,0.103174954189201,0,0.0891911113623268,0.168241789104921,0,0.159140590882019,0,0
843,0,0.12601718068723,0.0991192416430279,0.232911665750477,0,0,0,0,0
844,0,0,0.121199349475456,0,0,0,0,0,0.146492502238094
846,0.168077217793195,0,0,0.137816134168816,0,0,0.181900880474999,0,0.146307400314752
847,0.11827721294957,0,0,0.202955266509949,0,0,0.124113124243318,0.111214550434785,0
951,0,0,0.165914846628049,0.248020127573175,0.24884921901774,0,0,0,0
1227,0.175153403471705,0,0,0,0,0,0.159867359687723,0,0
1237,0,0,0,0,0,0,0,0,0
1242,0.1337267622263,0,0.0823558204005139,0,0,0,0.155490085951692,0.11745937293954,0
1251,0.0985682415137569,0.212034509496616,0.17377061658227,0,0,0.140007972486969,0.0686316161474238,0.114814758035609,0
1260,0.156072181788684,0,0,0.273347912514412,0,0,0.13981079839257,0,0
1261,0.113457297854301,0,0,0,0,0,0.111196404330537,0,0
1265,0,0,0.173460946904318,0,0.13183841802865,0,0.193005954880991,0,0.112127204971412
1274,0,0.0723549947313226,0.128645812617169,0.161527041951549,0,0.127701641216768,0,0,0
1275,0,0.106441362738639,0.154132583577281,0.304370420926839,0,0,0,0.175254323443777,0
1279,0,0,0,0.140943993542674,0.0821763795050672,0,0,0.149963710061794,0
1282,0,0,0.0895573546952087,0.143061863319274,0,0.149209567059571,0,0,0
1284,0.183894816703535,0,0.138322261058312,0.266316723855186,0.175121047021047,0,0.185657719526091,0.166557639991462,0.0944457026083564
1292,0.188667156615586,0,0.270781154907991,0,0.248348393283829,0,0,0,0.105565166834985
1294,0,0,0.339981704351386,0.260809762046065,0,0,0,0,0
1296,0,0,0,0,0,0,0,0.15275071648354,0
1298,0.201194059955924,0,0.235358299130433,0.212552141108437,0,0.0628293802272484,0.179058876877656,0,0.122355415554118
1301,0.227231712526508,0.082792406642152,0,0,0,0.11245346076286,0,0,0.188151088784772
1302,0,0,0,0,0,0,0,0,0
1303,0.228099988419651,0,0,0,0.212884317905099,0,0.23247427312569,0,0
1307,0.179883177288235,0,0,0,0.115818158787453,0,0,0,0
1308,0.100230635005627,0,0,0,0,0,0,0,0
1310,0,0,0,0,0.100266391331671,0.140829483466577,0,0,0
1312,0,0.214518611430683,0.184846782352858,0.221174729261475,0.218933671083767,0.230350769309533,0,0,0
1313,0.211363617955077,0,0,0.240181875375551,0,0.0841891274794836,0.209262270670559,0,0.0777309813977303
1316,0,0,0,0,0,0,0,0,0
1319,0,0,0,0.180118479077751,0.187877724210671,0.20191641342515,0,0,0
1321,0,0,0.137535987224971,0,0.204694287490793,0,0,0,0
1322,0,0,0.256892516100529,0.310174955127256,0,0.254093147606783,0,0,0.0818163666255559
1324,0.175983154185352,0,0.109054496463109,0,0,0,0.190697752555458,0,0
1326,0,0,0,0,0.0732141109894893,0,0,0,0
1327,0.145404384681937,0,0,0.268594071244198,0.110724004076241,0.088318862749564,0.141083545523237,0,0
1332,0,0.177541323427283,0,0,0,0.16988349649802,0,0,0
1333,0.292541872467931,0.0986036718616429,0,0,0.262617493687879,0.0453275116876675,0.196285992451997,0.217427495704709,0
1335,0.0678116248845003,0,0,0.250327038433332,0.36864295580058,0,0.0833427898710099,0,0
1337,0,0.187766285588621,0,0.0963377715855448,0,0,0,0.0999024109398276,0
1339,0.146305226623205,0,0,0,0.108247116754906,0.117194733439238,0,0.110461942767911,0.0449006871800963
1340,0,0,0.103989628777522,0.195319400104206,0.0869947369716648,0,0,0,0
1342,0,0,0.131784631605509,0,0.164138749190758,0,0,0,0
1343,0,0,0,0.240220302826127,0,0,0,0.0623787690329005,0
1344,0,0,0.245866304821622,0,0.300874033404003,0,0,0.17976359467425,0
1345,0.178784942360429,0,0,0,0,0,0.160499995667515,0.102470078637071,0.1149651645668
1348,0,0,0,0.130773495752895,0,0.0848676820778645,0,0,0
1349,0,0,0,0,0,0,0,0,0.0672355340061374
1353,0.129832358338052,0,0,0,0,0,0.134300994193368,0,0
1355,0.143862031564049,0,0.453789708409729,0.374761001586121,0.35501436645028,0.111790268103015,0.137774558614496,0,0.145159637562029
1358,0,0,0,0,0.126358205630354,0,0,0,0.0648337867219087
1362,0,0,0,0,0,0,0,0,0
1365,0.150080791630162,0.167951704317117,0,0,0,0.264339761079858,0.173803653412506,0.143602509582252,0
1368,0,0.164954970120007,0,0.245615083964094,0,0,0,0,0
1373,0.160905843361558,0.108915350744293,0.242064525427938,0.151117820023108,0.123098778471951,0,0,0,0.0497373479322334
1374,0.251755239868241,0,0,0.226814271842942,0.200773400992331,0,0.219367957044149,0.176888272270627,0.263047337067316
1389,0.233090827932009,0,0.0843526402203904,0,0,0,0.228182633797064,0.163258608336505,0.0914208535687179
1392,0,0.216868774563732,0.259764251230908,0.294894033099937,0,0,0.272708813358789,0.142411956411927,0
1393,0,0.158736568425941,0.177657333892493,0,0.204430014614334,0.183184434419255,0.10083460721544,0.157121273237207,0
1394,0.334606213223558,0,0.152662082283256,0.24861201029941,0.111386539332233,0.162444012055872,0.321303508283721,0.085659981002658,0.132282627893945
1398,0,0.0756047443986662,0,0,0,0.0821634997881127,0,0,0
1401,0,0.230239062489957,0.146824972493682,0.317318458862301,0.20349420114244,0.0913230107485217,0.199547810285645,0.132170709260244,0
1407,0.230687954872363,0,0.109705717814683,0.142943437107168,0,0,0.23642009702986,0.0930808663674191,0
1408,0.194312581436687,0,0,0.172846920504395,0,0,0.206849661608522,0,0
1409,0,0,0.191965703458548,0.363844612577255,0,0,0,0,0
1410,0.178437211576583,0.123349213252604,0.262171562278203,0.481729136232398,0.160381045387526,0.169453453267686,0.146718506782577,0.108841903462199,0
1414,0.106126811597118,0,0,0,0,0.109438911540846,0,0.177913159778527,0
1421,0,0,0.0704436659104182,0.172037040235322,0,0,0.124997470218532,0,0.0959995510568259
1423,0,0.134307586553244,0,0,0,0,0,0,0
1432,0,0.136718707516965,0.0999315786580025,0,0,0,0,0,0
1445,0,0.086217109285868,0.231690581130965,0,0,0,0,0,0.223419675671723
1450,0.144263969249028,0.268791416289876,0,0.364519285416353,0,0,0,0,0.182461639723745
1455,0,0.142425987969984,0,0.208336578404646,0.0648005103614653,0.0116310620329228,0,0,0.0628499382989444
1468,0,0.252131601470763,0,0.390411908092772,0,0,0,0,0.0998962309742429
1481,0.164261442304948,0,0,0,0,0,0,0.0599840972363931,0
1482,0.209582393157037,0.0729954361714035,0.14625666726837,0.082962952230257,0.204794036185933,0,0.179130148347487,0.10465500158915,0
1484,0.173416661766584,0.126986660265057,0.27654649658218,0.175427286666614,0.302489260843283,0.112100316680736,0.185490166017301,0,0
1487,0,0.118023666886527,0,0.183929024576572,0,0,0,0,0
1492,0,0,0.160140481040372,0.196455492083339,0,0,0,0,0.157308906111589
1494,0.166856691392704,0,0.0454512750082107,0.531182303978216,0,0,0.183370939546481,0,0
1495,0,0,0,0,0.104335996583649,0,0.173505135614837,0,0
1496,0.233372470083815,0.130425130942787,0.106354122026676,0.198484421352716,0.321117845727043,0.0725330272237035,0.21294600431441,0.108105332131533,0.181588374364962
1498,0.295212208572586,0.133654021696566,0.209456181723779,0,0.217115121473659,0.130920064580482,0.297242046769632,0,0
1499,0.247798892773415,0,0,0,0,0,0.274229698146227,0.237053731880206,0
1502,0.307028303263971,0.100815906524337,0,0.216882144505037,0.309087461880717,0,0.296498280354359,0,0
1503,0,0,0.175525695556083,0.177328682471224,0,0.142174546604555,0,0,0
1504,0.302869231492696,0,0.217708617378824,0.276374277744789,0.29327507115592,0.100434028400915,0.261935158948905,0.140500364625868,0.122481011124161
1506,0.0958647997075875,0,0,0,0,0,0,0.15792216168247,0
1507,0,0,0.162264330179029,0,0.089547198440585,0.107304760399714,0,0,0
1509,0.223536993998406,0.152538127694093,0,0.178179310434204,0,0,0.224408303234028,0,0
1511,0,0,0.178751925874839,0,0,0,0,0,0.145926805023159
1519,0,0,0,0,0.108069029766378,0.221633643960191,0,0,0
1520,0.126769500837493,0.168883674724135,0,0,0,0.221744044732177,0.185885631343492,0.12087153291228,0.148472198858157
1523,0,0,0,0.236985166769148,0.173348706458894,0.194563280227877,0,0,0
1527,0.198301262689368,0,0.0426917933961472,0,0,0,0.195014802582917,0,0
1529,0,0.145167476369863,0.169149563684845,0.211683190608556,0.251580133175197,0,0.164998376924943,0,0.228609146747424
1530,0.302104799289864,0,0.162886496496441,0.406370648978406,0.389986994744462,0,0.362828889262083,0.149582082030407,0.120940638085333
1537,0.116410646513402,0,0.146430585208552,0,0,0.145054460694528,0.172328314017449,0,0
1539,0,0.0824554457044529,0.157190237004624,0.142798333083292,0.141457616545521,0,0,0,0
1541,0,0.164926211372239,0.301901666752532,0.254802143793171,0.331944268337258,0.259451990384202,0,0.15386821272002,0.0601652718338407
1543,0,0,0,0,0.0758783725208983,0,0,0.157651325561492,0
1545,0.151114796723801,0,0,0,0,0,0.162702191214731,0,0
1548,0,0.056407005029143,0,0.132921819188154,0.128365194421555,0,0,0,0
1550,0.119885899231291,0,0.140778625546174,0,0,0,0,0,0
1552,0.170020511592867,0,0.322818418353601,0.212582056255231,0.333755980649153,0.116113747693418,0,0.118797513199248,0.0901248815706497
1560,0,0,0,0,0,0,0,0.22020724809525,0
1563,0,0,0.0964088524320901,0,0.154661183854738,0.177186571488778,0,0,0
1564,0,0.078748652845474,0.150481251517945,0,0.138243441254969,0.168050135556471,0,0,0.154680311745601
1567,0,0.104001342109078,0,0.337086997229316,0.38298673276569,0,0,0,0
1575,0.227703045581563,0.177654537680151,0.284581776521704,0.320675176193254,0.274275326827587,0.179638600911616,0.23176855232785,0.177932702608601,0.243234976613072
1582,0,0,0,0,0,0.13478646433419,0,0,0
1585,0,0,0,0,0,0.304868117528279,0,0,0.211628754214741
1591,0,0,0.2492379692085,0.229125949219206,0,0,0,0,0
1601,0,0,0,0,0,0,0,0,0
1605,0.335793465487102,0,0.289817150191014,0,0.314795679844075,0,0.311179372933414,0,0.315241721538972
1612,0.294431598244357,0,0,0.183529135400497,0.245875192793759,0,0.254045670453921,0,0.157637094435493
1627,0.159709793730312,0,0,0,0,0.123107663151959,0.153819510360576,0,0
1631,0,0,0.0802361075274262,0,0,0,0,0,0
1635,0.176590852612727,0.152161285991191,0,0,0,0.125990415712876,0.150469935980403,0,0
1640,0.190833265483601,0.150405210125394,0,0.285003141061161,0,0,0.246316380105486,0,0.0924804753027221
1643,0.136662337543092,0.233690110432266,0,0.236041486488332,0,0,0,0.271547719228007,0.149625284718137
1644,0,0.128558539037366,0.199301486523597,0.240351888110636,0.26557280473829,0,0,0.0462820379350712,0
1647,0,0,0,0.224733840831152,0.161420328265851,0,0,0,0
1650,0.18792886769353,0.134216066021594,0.201212183387528,0.188296460114818,0,0,0.192301823699453,0.167732688990384,0
1651,0.242909374249,0,0.2216630871231,0.193831972821844,0.277528213520288,0,0.252939370666801,0.139835697473818,0
1653,0,0,0.313480346843251,0.350734948167548,0.338215266203223,0,0,0,0
1657,0.138154747262333,0,0.0272196396330695,0,0.0486388302772738,0,0.139583017539566,0,0
1659,0,0.0871771196080984,0,0,0.166273254857059,0,0,0,0
1660,0.222175209849255,0.278680033966519,0.189277667067253,0.267288377480603,0.240148733052842,0,0.218763945115325,0.153563648619877,0
1661,0,0,0,0,0,0,0,0,0
1662,0.176522698204473,0,0.132081073120278,0.108304224452329,0.222611937958063,0,0.191199797423119,0,0
1663,0.226021240806322,0.223146232485941,0.243250704756932,0.268602123600043,0.290549948386406,0,0.199735803331654,0,0
1664,0.198453871636892,0.220116846096679,0.291979981880301,0.347083161812738,0,0.239669017876595,0,0.221312749370981,0
1667,0,0,0,0,0,0,0,0,0
1669,0.162231791372779,0.115866952200299,0,0.168734842594132,0,0,0.173783718294273,0.157351668153465,0
1678,0,0,0.0509711572248742,0,0,0,0,0,0
1688,0.232112498237351,0.222652226537592,0.283219238164536,0.34919287257562,0.359769130533566,0.128645407777301,0.239861174483455,0.148983394773272,0
1690,0.0756026145434088,0,0.178294056490684,0.253244832898429,0.154015044631713,0,0.101929189190808,0.0869153852992098,0.182521492217653
1692,0.162114178567722,0,0,0.130437731408931,0,0,0.163146668148053,0.156136267018459,0
1693,0,0.366738899562081,0.166412675977384,0.227990900667292,0.217526967987082,0,0,0.181021803123866,0
1694,0,0,0,0,0.440378898147684,0.121368167737083,0,0,0.0754298752088323
1695,0,0,0,0.221573912848971,0,0.179853234407017,0,0.100481334259523,0.14604941626353
8580,0.220770322605303,0,0,0,0,0,0.187481396674163,0,0
9152,0,0,0.162586773775477,0,0,0,0,0.111561290918329,0.0332041285346812
9172,0,0.0674786944470381,0,0,0.203767678235467,0,0,0,0
9197,0.184670984499305,0.0925543900685425,0.168952672309582,0.179347197029559,0,0,0.182587866287145,0,0
9208,0,0,0,0.069754177774851,0,0,0,0,0.166695542250086
9213,0,0,0,0,0,0,0,0.0623468494861177,0.0515949429838849
9224,0,0,0,0,0,0,0.128289438713999,0,0
9226,0,0,0,0,0,0,0.105672916742171,0,0
9228,0.0838225704454989,0,0,0,0.0978158683443534,0,0.105527712568764,0.132729691577,0
9239,0,0.189303277429114,0,0.203509677376375,0,0,0,0,0
9243,0.129180616768041,0,0.349958188354556,0.246012096264191,0.365461926757477,0.125302109029423,0.126574427725079,0,0
9264,0.141905157426579,0,0,0,0,0,0.14823542444439,0,0
9272,0.162598390428918,0,0.322412812031048,0,0,0,0.141447281116643,0,0
9273,0.095564481105219,0,0.159245623690374,0.0726026754417177,0,0,0,0,0.052677158140393
9286,0,0,0,0,0,0,0,0,0
9290,0,0,0,0,0,0,0,0,0
9300,0,0,0,0,0,0,0.0952092604887816,0,0
9305,0,0.181816696502331,0.162529997391759,0.0668451344886625,0,0.186016040946188,0,0,0
9308,0,0,0,0,0,0,0,0,0
9313,0,0,0,0,0.154261339816494,0,0,0,0
9321,0.140832667086939,0.16046093136937,0.0906761987753596,0.357099392117046,0.281278777549903,0,0.129094964615555,0.196792379947713,0
9322,0,0,0,0,0,0,0,0.106988492872339,0
9327,0,0,0,0,0,0,0,0,0
9328,0,0.115346363469202,0.297340557058807,0.358880043577318,0.336946222674098,0.0747469137628278,0,0,0
9330,0,0,0,0.319331648017515,0.186047206845136,0,0.0458952803327421,0.117800493394672,0
9332,0.0919482001562678,0,0.0572822546098732,0.259930284332819,0.141591894898163,0.271411890907734,0.164804382860519,0.192641298536304,0.125913052907704
9335,0,0,0,0.290732051363098,0.202105981770355,0,0,0,0.0940692328514428
9339,0,0,0,0,0,0.142963273515697,0,0.0342249436598969,0
9340,0,0,0,0.328246301019999,0.141831803450164,0,0,0,0
9344,0,0.157603929381769,0.130141163021561,0,0,0.0788212449188373,0,0.198595473370219,0
9348,0.0816925867292265,0,0,0.0577025139971083,0.0775398169879577,0,0,0,0
9360,0,0.305702451623455,0,0.54502030303493,0,0.0989969082215662,0,0,0.142948814567963
9375,0,0.167030533509103,0,0,0,0,0,0.107529048086676,0
9382,0,0.194462551697514,0,0.349195749849954,0,0,0,0.112126052131777,0
9389,0,0,0.176896490667884,0,0,0,0,0.20408171529781,0
9392,0,0,0,0,0.190681251852924,0,0,0.109286349884079,0.14783730817747
9398,0,0,0.129044594031808,0,0,0,0,0.129213783283421,0.193203113085485
9399,0,0,0,0,0,0,0.160765564214664,0,0
9404,0,0,0,0.206692034709233,0.168766310214197,0.155952362755739,0.168039280805213,0,0
9406,0,0.125754663827618,0,0,0,0,0.0789482430054951,0,0
9411,0,0,0,0.18946180166329,0,0,0.0708821534694097,0,0
9413,0,0.213896901880281,0,0,0.207779854080068,0,0,0.139241812909957,0
9420,0,0,0,0,0.13350249663839,0.117137802764698,0,0,0
9427,0.221379629378116,0,0,0,0,0,0.196030315754805,0,0
9428,0.178863279812097,0,0.0806611454585702,0.167913992392936,0,0,0.166665663267445,0,0.123361201014685
9430,0,0,0,0.31401909165716,0,0,0,0,0
9431,0.175763961725263,0.164968401613403,0,0.259988891186542,0,0,0.205371793703625,0.182188947835983,0
9432,0,0,0.14614205725333,0,0.195091617868365,0.145560075708184,0,0,0
9434,0.264656847611491,0.130321792253876,0.123497342602886,0.201809668501306,0,0,0.248327947337038,0,0.149770883816321
9443,0,0,0.166247975033567,0.351319008845626,0,0,0,0,0
9446,0,0.141254554156499,0.250881826234868,0.374827838222237,0.26523314791642,0,0.158860710132296,0.178359928117218,0
9452,0,0.266756760798605,0,0.343522428527617,0.38908499314254,0.138656478279245,0,0.264848607386373,0.18141004803337
9455,0,0,0,0,0.223984330067991,0,0,0,0
9457,0,0,0.127114912072223,0,0,0,0.0623527623138891,0,0.217069566273472
9458,0,0,0,0,0,0.0732060365617612,0,0,0
9460,0,0,0,0,0,0,0,0,0
9462,0,0,0,0,0.0799684299615045,0,0,0,0
9464,0,0,0,0.151774780427323,0,0,0,0.0954646271791077,0
9475,0,0,0,0,0,0,0,0.0398988590825466,0
9484,0,0,0,0,0,0,0,0,0
9492,0,0.209056216025511,0.286593647620017,0,0.275013880020863,0,0.202587658494907,0,0.16255176205442
9498,0.220704797164989,0.144853673125099,0.232711321629125,0.150752986209784,0.283844019582918,0,0.252114031016996,0.15023583187224,0.151391833413467
9504,0,0,0,0,0.03361889784249,0,0,0,0.148640962620896
9516,0,0.178637275315071,0,0,0,0,0,0.13344189960615,0
9523,0,0,0,0,0,0,0.111040373224585,0,0
9537,0.091038546882383,0,0,0,0,0,0,0,0.139497646536035
9538,0,0,0,0,0,0,0,0,0
9543,0,0.123260882952393,0,0,0.206372870739981,0,0,0,0
9547,0.240073466731404,0.091427620284425,0,0.185978557982749,0,0,0.278661227044796,0.106898840060016,0
9556,0,0,0,0.180343183887966,0.191335681421462,0,0,0,0
9573,0,0,0.237851329691901,0,0.287814189087042,0.21915658405779,0,0,0
9585,0.104543794624451,0,0.269927135453889,0.279932636124047,0.180069238307129,0.0860634080835407,0.112751299370422,0,0.111030843282911
10147,0.132501494200902,0.170858043384717,0,0,0,0,0,0,0.143517569662461
13539,0.205594147497641,0,0,0,0,0.141854337523883,0.170253958676069,0,0.200309610783765
13545,0.101615231824949,0.146393986853736,0,0,0,0,0.0884613867082489,0,0.0813592503624146
14047,0.126290896320365,0,0.290709955721518,0,0,0.100321648295798,0.157561857405013,0.256823167333047,0
14052,0,0,0.356604818092914,0,0.105013793358021,0,0,0,0
14059,0,0,0,0,0,0,0,0.132191514129835,0.198208796759093
14072,0,0.143302907396575,0.167295905452445,0.221886357608621,0.187719633664469,0,0,0.219621021442224,0.0885380423489681
14091,0,0,0,0.267946827675211,0,0,0,0.124587997665314,0
14132,0.174503110768502,0,0.13971124356182,0.1235586684894,0.105490429201652,0,0.177563510879875,0,0
14133,0,0.0790858820536872,0,0.145801383590207,0,0,0,0,0.111117424204079
14140,0,0,0,0,0.0721925683621716,0.126574813509729,0,0,0
14159,0.18465061038484,0,0,0.254506947588857,0.218531401268404,0.0818854820517917,0.189034439238205,0,0.164383541610976
14162,0,0,0.110955521762427,0.210936328016972,0.160812331319351,0,0,0.122094067568328,0
14167,0.345676537440457,0,0,0,0,0,0.370034016620138,0,0.0693873831954342
14176,0,0,0,0.311325153230926,0,0,0,0,0
14185,0,0,0,0,0,0,0,0,0
14203,0,0,0,0.231748739731604,0.161339530997145,0,0,0.209847245875513,0
14204,0,0,0.111473295009517,0,0.175278878815048,0.164694506522786,0,0.150810326247729,0
14209,0,0,0.296948848534438,0,0.310254530362752,0.121014152356667,0,0,0
14210,0,0,0,0.191271293105271,0,0.237366043245783,0,0,0
14215,0,0,0.206781341107983,0.200874997600723,0.214846773907268,0,0,0,0.162198236891393
14218,0,0,0,0,0,0,0,0,0
14221,0.120718859829266,0,0.22219083333365,0.176247380611928,0.238450300929849,0,0.118382854969142,0.14435768648887,0
14226,0.142235983095088,0,0,0,0,0.142130591871645,0.145198860840161,0.115040124061116,0
14229,0.106688797366567,0,0,0.214346349715258,0,0,0.107656390115748,0,0
14230,0.117053252327606,0,0.143408795937532,0.158061862832164,0.139015728464029,0.168385172159815,0.0943963962076645,0,0
14234,0,0,0,0.130410866028966,0,0,0,0,0.0745925745408274
14235,0.160678383806248,0.190956665409976,0.232508636804962,0.262009729491416,0.269049204074528,0.232549678231985,0,0,0
14238,0,0,0.267301750658575,0,0.230965710929918,0,0,0,0
14240,0.168863498538871,0,0.169270455719296,0.257868434341043,0.123206721563956,0,0.186942532883812,0,0
14242,0,0,0.25756674988553,0.296064140803448,0,0,0,0,0
14249,0,0,0,0.112845485583852,0,0,0,0.0916086109268968,0
14252,0.152861138176889,0,0.0135032795117203,0,0.0288607379543438,0.172046578065447,0.121603394227546,0,0
14259,0.0948670304761806,0,0,0,0,0.111277126652513,0.0790444959819528,0,0
14260,0.227832103334913,0,0.187137130924804,0.178510496481629,0.127661495366544,0.172726493659466,0.226508772661354,0.176468351133978,0
14261,0,0,0,0,0,0,0,0,0.0901605390758073
14289,0.156709326585103,0,0,0.181989168891166,0,0,0.177601599247741,0,0
14302,0.13875562830544,0,0,0.164405652782868,0,0,0.157772955405615,0.137764480411547,0
14305,0.185763244610838,0.100311288126963,0,0,0,0.177337509422037,0.16261406322448,0,0
14306,0.268260579203042,0,0,0,0,0,0.235153731231023,0,0
14309,0,0,0,0,0,0,0,0,0
14333,0.142325864238871,0,0,0,0.0980612248993749,0,0.123948462912735,0,0.120318976078856
14349,0.17535285628859,0,0,0.178226987178098,0.041760156399236,0.191194544245777,0.157379731302446,0.202018967426498,0.270822765210691
14353,0.168884782611008,0,0.187441239852345,0,0,0,0,0,0.156203660502249
14386,0,0,0,0,0.0815208398291723,0,0,0,0.151010978385686
14395,0,0,0,0,0,0,0,0.0783093976168927,0
14403,0,0,0.206826070402735,0.239915079932392,0.285577799099018,0,0,0,0.146606246272308
14418,0.0856828983239772,0,0,0,0,0,0,0,0.083220162095618
14430,0,0.102330733922521,0,0.241120947502315,0,0,0.134514313559405,0.153117045230942,0.0531031733523788
14431,0,0,0.138756214533388,0.315575155840355,0,0,0,0,0
14438,0,0,0,0,0,0.191798643151941,0,0,0.137935533042574
14439,0.0175506935165351,0,0.11198022578564,0.0693501023082913,0.0911520006136514,0.143891314255563,0.0426043733887943,0,0.130642264074888
14442,0,0.112818856081647,0,0,0,0.10385806485762,0,0,0
14443,0,0.158183928418235,0,0,0,0.104030153597586,0,0,0.185996275632989
14466,0,0.117356532494436,0.242312575332016,0.136518459288658,0,0,0,0,0
14471,0,0,0.26744737402037,0,0.237318646718659,0,0,0,0.0598957524139817
14478,0,0.162032059088185,0.0895839896128947,0,0.213630791719938,0.192586108600882,0,0.0931088956605971,0
14499,0,0,0,0.199655354006503,0,0.34003101145878,0,0.156755595982145,0
14510,0,0,0,0,0.11378810420956,0,0,0,0
14514,0,0.131250466287889,0.0310665431818584,0,0.109015417826401,0.168432963211453,0,0.0863471161794252,0
14549,0.0824211104782234,0.137315383384484,0.333833032831649,0.175044641181999,0.241176515402312,0.102001631827252,0,0,0.0940839383164607
14550,0,0,0,0.17152294883048,0,0,0,0,0
14555,0.111146087943173,0.0717434700452469,0,0.169077101727147,0,0,0.118150497702983,0,0
14558,0.193879259155882,0,0.121062417125914,0,0,0,0.191987545020365,0.122578306904398,0
14577,0,0,0.122126586121063,0.258671025348579,0.183739521642174,0,0,0,0
14581,0,0,0,0,0,0,0,0,0
14584,0.0822170697655194,0,0.314644578616518,0.305581674788971,0.198316563883354,0.0836539345395276,0,0,0
14598,0,0,0,0.228426268357776,0.413932094168913,0,0,0,0.124942777400835
14599,0,0,0,0,0,0,0,0,0.128734462569604
14600,0.264723003765974,0,0,0.156287968482565,0,0,0,0.240175548704075,0
14601,0.164811879472028,0,0,0,0,0,0,0,0.101083525333367
14645,0,0,0,0,0.136452051557301,0.104339266816359,0,0,0.106290803175725
14651,0,0.115779817109872,0,0.220132223705622,0,0,0.143433542257857,0.169404623797065,0
14653,0.073599378661283,0,0.146198528706391,0,0.159692964737865,0,0,0,0.0676094042423908
14654,0,0.203431081829554,0.164125876813717,0.233319836791768,0.24863883349815,0,0,0,0.0774569980689056
14660,0.296212437910268,0,0.243283004952478,0.268057411353022,0.169233167849385,0,0.263247961778827,0,0
14667,0,0,0.165462144905352,0,0,0,0,0,0
14674,0.088235133115263,0.0442821047381431,0.229947061250144,0.0969160483066476,0,0,0.0783683784434125,0,0.0790201446542213
14677,0,0,0.298098753867643,0,0,0.151526944643333,0,0,0
14679,0.136003531045949,0,0,0.215536673903488,0,0,0,0,0
14682,0.0804712688959763,0,0,0,0.17971222655276,0,0,0.136170475271578,0.169302829318324
14686,0,0,0,0,0,0.111329957789355,0,0,0.119807130989466
14690,0.21158190551386,0.111776090614872,0.316600356946978,0.377698417714778,0.372306458253857,0.120290782379202,0.226630957413708,0,0
14696,0.160431080919785,0,0.221604894436399,0,0.181950863973904,0.0855470859611575,0.146156369775419,0,0
14723,0.183780355206869,0.0744611858341393,0.271909741511491,0.268914351758474,0.290204648374878,0.129335561501869,0.184179771591118,0,0
14741,0,0,0.253059322110643,0,0.265419966407948,0,0,0,0
14743,0,0.062464146302574,0,0.137854405378037,0,0,0,0.155819186053408,0
14748,0.0847059070593436,0,0,0.143318773242863,0,0,0.0762539006750986,0,0
14762,0,0.241668781446359,0.241030025878402,0,0.142364263859242,0,0,0,0.15203258508609
14763,0,0,0,0,0,0,0,0,0
14767,0.111466594494818,0,0,0,0,0,0,0,0
14769,0,0,0.185476485139757,0,0.138719012216503,0,0,0,0
14777,0,0,0,0,0,0,0,0,0
14789,0,0,0,0,0,0.103145286573969,0,0,0.0325903362387325
14802,0,0,0,0.149679545734529,0,0.187265250191197,0,0,0
14804,0,0.223290071544335,0.192482455506131,0.214950239818527,0.160582930938749,0.12675191751827,0,0.124310253901681,0.149420780019392
14816,0,0,0,0,0,0.167217573849252,0,0,0
14882,0.181913559634397,0.163415174570055,0,0.152867449875612,0,0.088812537753875,0.156551792472335,0,0.0883838215860384
14924,0,0,0,0,0,0,0,0,0
14950,0,0,0,0,0,0,0,0,0.13343046688754
14954,0,0.166152475485218,0.255412790456187,0.259830440420368,0,0,0,0,0
14957,0,0,0.137917600851648,0,0.111684990576456,0.201912629165577,0,0,0
15000,0.157590905069456,0,0,0.352858384410572,0,0,0.151186740947012,0.0933045888187395,0
15001,0.225848035764791,0,0.230139602979153,0.225978587429114,0.195312039491469,0,0.229026234886092,0,0
15011,0.137675143400165,0,0,0.318007442012931,0,0.143485896079415,0.0820122334205148,0,0
15014,0,0,0,0,0,0,0,0.16495182628106,0
15030,0.185782831361305,0,0.327549185443331,0.309959943681712,0.285411721368086,0.0734530428752276,0.190241487343732,0.107786872524798,0
15037,0,0,0,0,0,0,0,0,0.164881524507936
15062,0.16283815438998,0,0,0,0,0.132027307185943,0.156955152160292,0.225810177148326,0
15070,0,0,0,0.215932133719757,0.17559039742847,0,0,0,0
15092,0.127968976211358,0.225746100299673,0,0.202892601764686,0,0,0.136883768127175,0,0
15102,0.167048877318005,0,0.2116716687513,0.153549852708326,0,0,0.171245519910844,0,0
15105,0.159036740753029,0.109396160509598,0.185667136315919,0,0.248565722269899,0,0.185045322854819,0,0.0705732023014757
15135,0,0.108962526496192,0.102436099208531,0.329712125991624,0.0359108819960841,0.139512501441344,0,0.120388588365592,0
15136,0,0,0.176961706381366,0.240103463014935,0.119101848722287,0,0,0,0
15176,0,0,0.212202166449347,0,0.265917593387965,0,0,0.0885143222308192,0.249631767080358
15180,0,0.198492381205818,0,0.283163798911579,0.183702986072725,0,0,0.180283110167076,0.196743409232992
15194,0,0,0.256200671046582,0.248503955748682,0,0,0,0,0
15200,0,0,0,0,0,0.118352904040166,0,0,0
15226,0,0.236309488896131,0.115646950920989,0,0.115351688169407,0,0,0,0
15235,0.127658852959753,0,0,0,0.194799920375218,0,0.0939901821108248,0,0.0644936693972172
15243,0,0,0,0,0,0.208735611388247,0.0528798784513751,0,0
15254,0.148769071012928,0,0.160848892527398,0,0,0,0,0,0
15257,0.34830952905944,0,0.144912073497203,0.210741674393376,0.0613243470240311,0.114714321581625,0.304623178416919,0.188052454943311,0.224770789549252
15265,0,0,0,0,0,0,0,0,0
15273,0.107056795453663,0.077199166180978,0.104103330804545,0,0,0,0.103499969930615,0,0
15293,0,0,0,0,0.172222346300396,0.169817777660141,0,0,0
15361,0.200103240434425,0,0,0.117107363136832,0,0,0.149710055804125,0,0
15374,0,0,0.0717707112694751,0.221825650263339,0,0.199127309527671,0,0,0
15376,0,0.137244652208104,0.130026943513416,0,0.0476716814211809,0,0,0,0.205163054492857
15380,0,0,0,0.389077916171727,0,0.133031009858086,0.125056333390984,0,0
15403,0.227167970079522,0.0989826328597599,0.174515560215565,0,0.241076205960325,0,0.216484322978851,0.0747804370949495,0
15419,0,0,0,0.155180272865417,0,0,0,0,0
15458,0.172051124414329,0,0,0.18547371793077,0.261428323235967,0,0.173919904519081,0.11525443472876,0
15469,0.243211882009616,0,0.232298553335491,0.136227910693731,0.228959120632376,0,0.231591184472696,0,0
15490,0,0.17459508051288,0,0,0.200475067732848,0,0.1063278133535,0,0
15502,0.223593475044023,0.121716899006201,0.162760208756623,0.261427039038882,0.331125082656891,0,0.173697445931156,0,0.135078283366707
15530,0,0,0,0,0,0,0,0,0
15536,0.218529495447203,0,0.311454107990195,0,0.326392077852042,0,0.223678506095052,0,0
15538,0,0.110033653265476,0.187992119654493,0,0,0.192620198667825,0,0,0
15552,0,0,0.283871157097877,0.366316317929034,0.325557767686946,0.0484005346326992,0,0,0
15554,0,0.152468525987799,0.122834651914958,0,0,0,0,0,0.0733612851830161
15582,0,0,0,0.0958400362797137,0,0,0,0,0.0942559136753069
15606,0.30262668502915,0,0.174360428449904,0.222407089813421,0,0,0.249353154507398,0,0
15638,0.247245056491393,0,0.152944041846332,0,0,0,0.215493537583129,0,0
15639,0.197443217653249,0,0,0.245223756428777,0,0,0,0,0
15650,0.195343699577853,0,0.196776109095993,0.253161756008467,0.251811698453545,0.161734238155022,0.231881814111549,0.16601606894482,0
15672,0.229860427750185,0,0.231679278768658,0,0,0,0.18766280548825,0,0
15714,0,0,0,0,0,0,0,0,0
15716,0.143337977804063,0,0,0,0,0.162157236600668,0.0842093416211029,0.149539190246807,0.199330259318997
15748,0.200153935546862,0,0,0.0891857905914795,0,0,0.142168177212552,0.155978359428011,0
15751,0,0.0613215303521027,0,0.184482048358688,0,0,0,0,0
15763,0,0,0,0,0.191175064874544,0,0,0,0
15798,0,0,0,0.24045966062112,0,0,0,0.102264058873755,0
15805,0.198130672012302,0,0.0559027640804451,0,0.149908473796079,0,0.168527424663197,0,0
15806,0,0,0.193002807223391,0,0,0.24652218678236,0,0.110596437318787,0
15807,0,0,0,0,0.118407759217537,0,0,0,0.24868003307137
15811,0.336563994100028,0,0,0.245439834806316,0,0.15769203138539,0.278969048997535,0,0.234765514246987
15812,0.22197080683302,0.162826351042243,0.221281215109347,0.171759002212052,0.20431634972209,0.104092452200887,0.154816265125723,0,0.102161335634945
15815,0.20299481288339,0,0,0,0,0.145416151300948,0.136817372157386,0,0
15827,0,0.0425106506055649,0,0,0.171369279487742,0.141652775022092,0.0790089352713485,0.139526012382488,0
15836,0,0,0.126373080869597,0.0631104375150135,0.118590462564246,0,0,0.0691554462287645,0.154929805980756
15852,0,0,0,0.084017306963968,0.135507747672472,0,0,0,0
15873,0,0.0820067737283943,0,0,0.127899573989071,0,0,0,0
15883,0,0.232057979095447,0.249007256703404,0.346548249992398,0.341492815683855,0.235383703984269,0.166102544437134,0.182008194394386,0
15923,0,0,0.175446093924626,0.215145284473953,0.301151398895532,0.153078617629659,0,0.0960125703384632,0.112301372917948
15926,0.155751665983847,0.0658359296348632,0,0.0977586150641908,0.057107563358528,0.242851784259849,0.126325368604801,0,0.110563131739711
15943,0.295284812122201,0.214991317061273,0.284479225431338,0.239159410837848,0.265511469560025,0,0.240894038780141,0.157961699550502,0
15950,0,0,0,0,0,0,0,0.173272678395001,0
15961,0,0.200001657446127,0,0,0,0.171387032402845,0,0,0.215517298784291
16011,0.12957297087048,0,0,0,0,0,0,0,0
16023,0.217347931764126,0,0,0.219450107385653,0,0.140273631398032,0.232077226392777,0,0.18423393055887
16144,0.223750507695816,0,0.40279931685591,0,0.346013109331741,0,0.228690673786761,0.127400909214544,0.089935979259508
16158,0,0,0,0.129712392607749,0.256881113799391,0,0,0.0764985983869161,0.101535512563894
16190,0,0,0,0,0,0,0,0,0
16206,0,0.140947189038177,0,0,0,0,0.134253132155123,0,0.031335959907128
16234,0.136639209008399,0,0.192622968139216,0.245702054940438,0.0940497724735011,0.143162100533261,0,0.0936054154842226,0
16239,0,0,0.0612105052753468,0,0,0,0,0.127047147415869,0
16245,0.219019136509652,0,0,0,0.0698558917715473,0,0.154031165075641,0,0
16246,0,0,0,0,0,0,0.149741125315951,0.245864001281738,0
16247,0,0,0.215110079819042,0,0.188998742988193,0,0.0811617580862333,0.113164610943593,0
16282,0,0.145773696087431,0,0.192850273131347,0.142730813291922,0,0,0,0
16286,0,0,0.246647268875795,0,0,0,0,0,0.0664485430619373
16306,0,0,0,0,0,0,0,0,0.04404876910561
16310,0.111648272881213,0.162359652424384,0,0,0,0,0.112038499873696,0,0
16311,0,0,0,0,0,0,0,0.0826944836461293,0.117828909608025
16312,0,0,0.194579640631741,0,0.184823031462257,0,0.17536539902211,0,0
16314,0.224795145557885,0.181540719796373,0.235932743163049,0,0.226045339127424,0,0,0,0
16320,0,0,0.292154605655585,0.240646773105074,0,0,0,0,0
16322,0.316806161915981,0.193021952047283,0.433050048085908,0.313701357665629,0.431484865674324,0,0.326193547934566,0.231652878052089,0.0960008582727803
16328,0.212029560812415,0.170237902436932,0.251142272238778,0,0,0,0,0,0.0748509965209177
16329,0,0,0.164760927123905,0.185986902158611,0.196457393139949,0,0,0.208548154821437,0
16330,0,0,0,0,0,0,0.0996245339390273,0,0
16331,0,0.232215545797788,0.280937046522006,0.2358183923356,0,0.121579979011925,0,0,0
16337,0.228438833313992,0,0.0325130000460332,0,0,0,0,0,0
16342,0,0,0.168293790581993,0,0.0963688190901227,0,0,0,0
16351,0,0,0.227784755246746,0.264605060315652,0.248361101499824,0,0,0,0
16355,0.137053023818156,0,0.23322398935232,0,0.125418256810834,0,0.155747252537028,0.127199898990867,0
16359,0,0,0.160366154440015,0.120178358894543,0.206722755159204,0.111465257818768,0,0.16568364965095,0.116912419215576
16361,0,0.23526967569222,0.300463489388519,0.315343308065808,0.254573656010385,0,0.136033976577958,0,0.120123256897112
16362,0,0.109111275272484,0.250725427580981,0.191718576943815,0.142742826908616,0,0,0,0
16364,0,0,0.193846802593919,0.28802004871375,0,0,0.165735547052774,0,0
16368,0.198828773701179,0,0,0.290919778847942,0.197315821717625,0.128363306687449,0.182713416599609,0.185303095521841,0
16372,0,0.170910908962304,0,0,0,0,0,0,0.188064213352816
16374,0.183994010514054,0.16701330736598,0.145766085535947,0.252622604086644,0.166222308176356,0,0.187143467864813,0.120147502529041,0
16382,0,0,0.250227731207178,0.272665134898769,0.275460628141421,0,0.169772480393811,0.120590311644416,0
16387,0,0,0.129964315119704,0,0.0936589234983876,0,0,0,0
16389,0.0739984511479237,0,0.132987132556315,0,0.107657750309045,0,0,0,0
16391,0,0,0,0,0,0,0.182262672567693,0,0
16392,0,0,0,0,0,0,0.105098887539524,0,0
16400,0,0,0,0,0.145718838536175,0,0,0,0.157535884251226
16402,0.239167332841002,0,0.329035575595814,0.36132853641847,0.286740192827685,0.115831999180706,0.307099153101444,0,0
16405,0.134505243115734,0.245581863852497,0.429404286034452,0.305438523336484,0.294066207034459,0.125059113717085,0.120408716441903,0.235481683262341,0
16406,0.221149887953366,0.139188240948373,0.217602117559297,0.321292560687981,0.205516698400219,0.119153043075786,0.225728276979074,0.112126149587966,0.132140021131505
16410,0,0.122261570868494,0.162043485842461,0,0.204013179369392,0.0954582337663983,0,0.164006704687795,0
16412,0,0,0,0,0.0361888957213456,0.0745942032195139,0,0,0.0873374615756949
16413,0,0,0.346297063134081,0,0,0,0.23690485270553,0,0
16415,0,0,0,0,0,0,0,0,0
16424,0,0,0,0.0359695328113734,0.108503653854936,0,0,0,0
16430,0.13284080870869,0,0.319349292505938,0.341098084439792,0.285882047550596,0,0,0,0
16432,0.17771330649855,0,0,0,0,0,0.160016899653593,0,0
16453,0.18475842788629,0.276627337996607,0.232603931030451,0.253077640304848,0.311853030896469,0,0.183329711251229,0.212588106476934,0
16455,0,0,0,0,0,0,0,0.0711582483111596,0.105992397047454
16471,0.162074000641044,0.165735114368758,0.288151733494798,0.324951841833569,0.317527336062141,0.183537831055889,0.177146959191104,0.203443972182732,0
16478,0.128254740219779,0.076288413085895,0.206686478449004,0.242584948043122,0.201678163905256,0,0.145511925650777,0,0
16482,0.17575603585102,0.242747269608115,0.323677042130591,0.341300158700855,0.338967228850082,0,0.178087892781227,0.156147071545289,0
16504,0.134959060171412,0,0.180357197475083,0,0,0,0.136879096026526,0,0
16505,0,0.13571174540085,0.257122237610422,0.302797331648598,0.231481547700808,0.170910895213138,0,0,0.0996131825261427
16516,0,0,0.288784787444411,0.237487771865232,0.266819910316294,0,0.170116177590349,0.198851179712052,0
16520,0.131834517671167,0,0.26942058854821,0.223418232018624,0.289870865923712,0,0.181608370412472,0,0
16532,0,0,0,0,0,0.155247554706724,0,0,0.0444571505367459
16537,0.123531773138708,0,0.204085300379731,0,0,0.152789922371854,0.145470420060207,0.153874498158755,0
16550,0.157192489672139,0,0,0.205318076082147,0.232993040434962,0,0.159928586828886,0,0
16551,0,0,0.100470730958309,0.11272508064963,0,0,0,0,0.0408053805161021
16566,0.338802497561235,0.318910522075019,0,0.397159688373047,0.396051145625271,0,0.340670886350025,0.250903055392131,0
16573,0,0,0.287564998412561,0,0.244175143208799,0.0634188815274741,0,0,0
16591,0.0755104681364342,0,0.275004544772876,0.372052401761853,0.295575416221749,0.0977167183343094,0,0.207268852475734,0
16602,0.182717356799339,0,0,0.257475556009369,0.343105877366273,0,0.218795947253301,0.162437072883653,0
16605,0,0,0.322176076646589,0,0.384199558261202,0,0,0,0
16623,0,0,0,0,0,0,0,0,0
16631,0,0,0,0.239024639334653,0,0.149602707640778,0,0,0.0807915621334682
169767,0.121526579572069,0,0.269354026716256,0,0,0,0.10775740881783,0,0
170358,0,0,0,0.150002531982136,0,0,0,0,0.0582706617583526
170373,0.0785469095412224,0.119225103503357,0,0,0,0,0.114564493956476,0,0
170784,0.150289967706956,0,0,0,0,0,0.161718525755476,0.112522077267354,0.0377789863475278
170811,0,0,0.388705857963578,0,0.353594507086201,0,0,0,0
170907,0,0,0,0,0,0.13604706534651,0,0,0.0803397374087182
170999,0,0,0,0,0.134728380827257,0,0,0,0.0517518617673617
171064,0,0,0.251357941907337,0,0.240846246250056,0,0,0,0
171715,0,0,0,0,0.0237667215665949,0,0,0,0
172048,0,0,0,0,0,0,0,0.0896004889519893,0
172215,0,0,0,0.0191067263707689,0,0,0,0.0751153440939722,0
173367,0,0,0,0,0,0,0,0,0
177672,0,0,0,0,0,0,0,0,0
177707,0,0,0,0,0.10096776108102,0,0,0,0.109072560841002
178658,0,0.0954313847514817,0.12783975994771,0.108577013754061,0,0.179048285419764,0,0,0.0672612910153084
180481,0.385406947429558,0,0.343430299454432,0.34154888894956,0.382830028195257,0.236518663381849,0.387973648402749,0.184056542401796,0.237083876919919
183104,0,0,0,0.148070353531964,0.190380449451154,0,0,0.135540609428842,0
1317590,0,0,0,0,0,0.121578672504656,0,0,0
1318849,0,0,0,0,0,0,0,0,0
1320080,0,0,0.132173981988668,0,0.141716673528509,0.157962388977039,0,0,0
1320855,0.0850424799902472,0,0,0,0,0,0,0,0
